arraySize_KB,time_ms
1,15.866667
2,15.066667
4,19.966667
8,25.299999
16,48.433334
32,89.133331
64,179.699997
128,262.433319
256,434.600006
512,906.099976
1024,1220
2048,2955
4096,4789.399902
8196,13376.66699
16384,18093.43359
32768,33889.73438
65536,64856.69922
131072,138962
262144,309439.3438
524288,540365.9375
,